{
    "placements": [
        {
            "x": 1734.8802699245887,
            "y": 1172.2593756212198
        },
        {
            "x": 1745.3308676943793,
            "y": 1172.1439333940596
        }
    ],
    "volumes": [
        1.0,
        1.0
    ]
}