{
    "placements": [
        {
            "x": 1263.9055876666241,
            "y": 3242.930745104761
        },
        {
            "x": 1263.8631405392025,
            "y": 2485.076563846821
        },
        {
            "x": 1263.9489682754265,
            "y": 3217.4190215349286
        }
    ],
    "volumes": [
        1.0,
        1.0,
        1.0
    ]
}