{
    "placements": [
        {
            "x": 1263.9348263889246,
            "y": 3234.713590745681
        },
        {
            "x": 1263.791755986303,
            "y": 2485.0107997003993
        },
        {
            "x": 1262.5901774599172,
            "y": 3214.3382825205745
        }
    ],
    "volumes": [
        10.0,
        10.0,
        10.0
    ]
}