{
    "placements": [
        {
            "x": 1263.5428214015174,
            "y": 3223.3991703327742
        },
        {
            "x": 1263.98293342068,
            "y": 2481.881130746976
        },
        {
            "x": 1263.9390205070092,
            "y": 3247.691242022296
        }
    ],
    "volumes": [
        10.0,
        10.0,
        10.0
    ]
}