{
    "placements": [
        {
            "x": 1738.8431939803265,
            "y": 1172.0068797660092
        },
        {
            "x": 1749.030925778221,
            "y": 1172.2116907109562
        }
    ]
}