{
    "attendees": {
        "max_taste": 999.0,
        "mean_taste": 500.41394285714284,
        "median_taste": 500.0,
        "min_taste": 0.0,
        "stdev_taste": 287.9092679893584
    },
    "complexity": {
        "complexity_index": 322728700,
        "num_attendees": 700,
        "num_musicians": 679,
        "num_pillars": 157
    },
    "musicians": {
        "mean_amount": 27.16,
        "mode_amount": 37,
        "mode_type": 17,
        "num_types": 25,
        "stdev_amount": 5.430874699346315
    },
    "pillars": {
        "area_ratio": 0.09741478116308237,
        "max_radius": 84.0,
        "mean_radius": 43.605095541401276,
        "min_radius": 5.0,
        "stdev_radius": 22.86870806211759
    },
    "topology": {
        "room_height": 4070.0,
        "room_width": 3016.0,
        "stage_h": 1140.0,
        "stage_ratio": 0.05962304238166307,
        "stage_w": 642.0,
        "stage_x": 636.0,
        "stage_y": 1656.0
    }
}