{
    "attendees": {
        "max_taste": 999.0,
        "mean_taste": 247.63354166666667,
        "median_taste": 243.0,
        "min_taste": -500.0,
        "stdev_taste": 432.27970145684986
    },
    "complexity": {
        "complexity_index": 11833600,
        "num_attendees": 400,
        "num_musicians": 172,
        "num_pillars": 103
    },
    "musicians": {
        "mean_amount": 2.388888888888889,
        "mode_amount": 7,
        "mode_type": 3,
        "num_types": 72,
        "stdev_amount": 1.0213764617139023
    },
    "pillars": {
        "area_ratio": 0.10360793710188956,
        "max_radius": 83.0,
        "mean_radius": 42.980582524271846,
        "min_radius": 5.0,
        "stdev_radius": 24.172912940914152
    },
    "topology": {
        "room_height": 2499.0,
        "room_width": 3039.0,
        "stage_h": 289.0,
        "stage_ratio": 0.03805405018209982,
        "stage_w": 1000.0,
        "stage_x": 1682.0,
        "stage_y": 1563.0
    }
}