{
    "attendees": {
        "max_taste": 999.0,
        "mean_taste": 252.65043650793652,
        "median_taste": 250.0,
        "min_taste": -500.0,
        "stdev_taste": 433.41603476827424
    },
    "complexity": {
        "complexity_index": 97390300,
        "num_attendees": 700,
        "num_musicians": 373,
        "num_pillars": 16
    },
    "musicians": {
        "mean_amount": 10.36111111111111,
        "mode_amount": 18,
        "mode_type": 12,
        "num_types": 36,
        "stdev_amount": 2.8689213785921734
    },
    "pillars": {
        "area_ratio": 0.0001427974592024393,
        "max_radius": 10.0,
        "mean_radius": 10.0,
        "min_radius": 10.0,
        "stdev_radius": 0.0
    },
    "topology": {
        "room_height": 8752.0,
        "room_width": 4022.0,
        "stage_h": 2051.0,
        "stage_ratio": 0.0386304541202545,
        "stage_w": 663.0,
        "stage_x": 3184.0,
        "stage_y": 1406.0
    }
}