{
    "attendees": {
        "max_taste": 999.0,
        "mean_taste": 248.13006968641116,
        "median_taste": 248.0,
        "min_taste": -500.0,
        "stdev_taste": 434.5167838143556
    },
    "complexity": {
        "complexity_index": 5420800,
        "num_attendees": 700,
        "num_musicians": 88,
        "num_pillars": 57
    },
    "musicians": {
        "mean_amount": 1.0731707317073171,
        "mode_amount": 2,
        "mode_type": 17,
        "num_types": 82,
        "stdev_amount": 0.2604165427324706
    },
    "pillars": {
        "area_ratio": 0.053595845392038,
        "max_radius": 101.0,
        "mean_radius": 54.1578947368421,
        "min_radius": 6.0,
        "stdev_radius": 27.524017884025362
    },
    "topology": {
        "room_height": 2577.0,
        "room_width": 4785.0,
        "stage_h": 588.0,
        "stage_ratio": 0.007486530837660861,
        "stage_w": 157.0,
        "stage_x": 2794.0,
        "stage_y": 1965.0
    }
}