{
    "attendees": {
        "max_taste": 1000.0,
        "mean_taste": 814.8676666666667,
        "median_taste": 1000.0,
        "min_taste": -98.0,
        "stdev_taste": 318.6118476891418
    },
    "complexity": {
        "complexity_index": 4900000,
        "num_attendees": 1000,
        "num_musicians": 70,
        "num_pillars": 0
    },
    "musicians": {
        "mean_amount": 23.333333333333332,
        "mode_amount": 30,
        "mode_type": 2,
        "num_types": 3,
        "stdev_amount": 4.988876515698602
    },
    "topology": {
        "room_height": 1000.0,
        "room_width": 1000.0,
        "stage_h": 160.0,
        "stage_ratio": 0.03536,
        "stage_w": 221.0,
        "stage_x": 598.0,
        "stage_y": 327.0
    }
}