{
    "attendees": {
        "max_taste": 999.0,
        "mean_taste": 245.44663003663004,
        "median_taste": 242.0,
        "min_taste": -500.0,
        "stdev_taste": 435.22552678616984
    },
    "complexity": {
        "complexity_index": 47684700,
        "num_attendees": 700,
        "num_musicians": 261,
        "num_pillars": 17
    },
    "musicians": {
        "mean_amount": 6.6923076923076925,
        "mode_amount": 12,
        "mode_type": 6,
        "num_types": 39,
        "stdev_amount": 2.3659317691122608
    },
    "pillars": {
        "area_ratio": 0.00014479734286805014,
        "max_radius": 5.0,
        "mean_radius": 5.0,
        "min_radius": 5.0,
        "stdev_radius": 0.0
    },
    "topology": {
        "room_height": 2318.0,
        "room_width": 3978.0,
        "stage_h": 422.0,
        "stage_ratio": 0.032401677734875726,
        "stage_w": 708.0,
        "stage_x": 1394.0,
        "stage_y": 1159.0
    }
}