{
    "placements": [
        {
            "x": 1263.8590597286163,
            "y": 3242.956160142066
        },
        {
            "x": 1263.9909834749956,
            "y": 2485.4599536566343
        },
        {
            "x": 1263.326379047393,
            "y": 3220.3112563403843
        }
    ]
}