{
    "placements": [
        {
            "x": 1737.9583975672526,
            "y": 1172.638781942259
        },
        {
            "x": 1953.3878635276983,
            "y": 1295.468498274902
        }
    ]
}