{
    "placements": [
        {
            "x": 1263.7408479301914,
            "y": 3247.0860699653094
        },
        {
            "x": 1255.9065084633912,
            "y": 2445.382093234631
        },
        {
            "x": 1263.4584475986,
            "y": 2834.841673663278
        }
    ]
}